id,name,date,text
elena,Елена,01.03.2026,Стабильно удерживает лидерство на сцене.
elena,Елена,24.02.2026,Закрыла самый сложный креативный спринт.
elena,Елена,18.02.2026,Показала лучший перформанс месяца.
elena,Елена,11.02.2026,Довела новый формат презентаций до продакшена.
elena,Елена,05.02.2026,Получила награду за артистизм.
elena,Елена,29.01.2026,Собрала максимум откликов от аудитории.
elena,Елена,19.01.2026,Успешно наставляла новую команду.
elena,Елена,08.01.2026,Закрепила рекорд по качеству выступлений.
elena,Елена,27.12.2025,Закрыла год с лучшими итоговыми метриками.
darya,Дарья,03.03.2026,Открыла сезон ярким премьерным выступлением.
darya,Дарья,26.02.2026,Подготовила и представила новый театральный номер.
darya,Дарья,17.02.2026,Получила высокие оценки за сценическую подачу.
darya,Дарья,09.02.2026,Успешно провела серию сложных репетиций.
darya,Дарья,31.01.2026,Улучшила командное взаимодействие в постановке.
darya,Дарья,22.01.2026,Закрыла месяц с лучшими творческими результатами.
darya,Дарья,14.01.2026,Поддержала запуск нового формата выступлений.
darya,Дарья,05.01.2026,Закрепила стабильное качество каждого выхода на сцену.
darya,Дарья,15.01.2026,ТестТестТестТестТестТестТестТестТестТестТестТестТестТестТестТестТестТестТестТестТестТестТестТестТестТестТестТестТестТестТестТестм